Name,Username1,Email 1,Used?,Verified?,Disclaimer?,FB Account?,username2,Email 2,Used?,Verified?,Disclaimer?,FB Account?,Username3,Email3,Used?,Verified?,Disclaimer?,FB Account?,Comments,Resolved
Jennifer Dean,littlejen,weejend@gmail.com,Y,Y,N,N,Littlejenny,jenniferdean.work@gmail.com,Y,Y,N,N,,,,,,,,
Lea Gross,Lily,leagross@laposte.net,N,N,N,N,Leely,leagrooss@gmail.com,Y,Y,Y,N,,,,,,,,
Becky Melville,becky2,beckymelville_no1@hotmail.com,N,N,N,Y,beckymelville,beckymelville@hotmail.co.uk,Y,Y,Y,N,,,,,,,,
Rebekah Neilson,rebekah2,principessafragola_10@hotmail.com,N,N,N,Y,rebekah.jean,rebekah.jean@live.com,Y,Y,N,N,,,,,,,,
Jacklyn Pollock,jack,jacklynpollock1@yahoo.co.uk,N,N,N,Y,Jacklyn,jacklyn1103@gmail.com,Y,Y,Y,N,,,,,,,,
Zivile Smitaite,zilivili,zilivili@yahoo.com,Y,Y,N,N,zivile,mymidnightsky@live.com,N,N,N,Y,,,,,,,,
Louise Young,louise3,louiseandkenny@hotmail.co.uk,N,N,N,Y,louiseyoung,younglouise14@gmail.com,Y,Y,Y,N,,,,,,,,